picture_id,SMILES,url,paper_id
0cef6740-1c7a-46ac-baa0-dd59d9b5c2bd,CCCC(C)O[C@@H]1CC([C@H](C(O1)C)O)(C)N=O,/user/mahaohui/IMG2SMILES/collect_NCBI/example_pictures/d5c101015af16097dd7a/segments/page_3_bnw_0.png,d5c101015af16097dd7a
5435404c-aae4-4e62-a852-f111b5937afe,CC1[C@@H](C(C([C@H](O1)O[Si](C(C)C)(C(C)C)C(C)C)O)O)C,/user/mahaohui/IMG2SMILES/collect_NCBI/example_pictures/d5c101015af16097dd7a/segments/page_6_bnw_5.png,d5c101015af16097dd7a
49cfa972-a9e7-4fba-9ba6-bc5d55e02d3b,CCCC(C(C)C)O[C@@H]1CC([C@H](C(O1)C)OC)(C)N,/user/mahaohui/IMG2SMILES/collect_NCBI/example_pictures/d5c101015af16097dd7a/segments/page_3_bnw_3.png,d5c101015af16097dd7a
e8a6a4fe-f70a-475e-8fd9-05015bfc6cb1,C(C1[C@@H](C(C([C@H](O1)O)O)N)O)O,/user/mahaohui/IMG2SMILES/collect_NCBI/example_pictures/d5c101015af16097dd7a/segments/page_2_bnw_12.png,d5c101015af16097dd7a
6dcb7925-a01e-4fe4-bf61-ec8fcc9fab4a,C[C@@H](CC(=O)O)CC(=O)O[C@H](CC(=O)O[C@H]1CN(C)[C@@H]([C@@H]([C@@H]2[C@H]([C@H](C(N3C=CC(=O)NC3=O)O2)O)O)O[C@@H]4[C@@H]([C@@H]([C@@H](CN)O4)O)O)C(=O)N(C,/user/mahaohui/IMG2SMILES/collect_NCBI/example_pictures/d5c101015af16097dd7a/segments/page_12_bnw_0.png,d5c101015af16097dd7a
2ae98530-a016-4a4c-bc39-9e23ad2c2420,CC(=O)NC1([C@H](OC2CC1(C2=O)O)OC3=C(C=C(C=C3)I)I)CSC,/user/mahaohui/IMG2SMILES/collect_NCBI/example_pictures/d5c101015af16097dd7a/segments/page_6_bnw_6.png,d5c101015af16097dd7a
bcca5d89-da93-417e-86fb-6b365454a86d,C(C1[C@@H](C(C([C@H](O1)O)N)O)O)N,/user/mahaohui/IMG2SMILES/collect_NCBI/example_pictures/d5c101015af16097dd7a/segments/page_2_bnw_19.png,d5c101015af16097dd7a
d98c6a56-6f32-4793-bbbc-4ff524d3ed49,CC1=C(/C(=C\[N+]([H])=C(C(=O)[O-])[R])/C(=CN1)COP(=O)(=O)=O)[O-],/user/mahaohui/IMG2SMILES/collect_NCBI/example_pictures/d5c101015af16097dd7a/segments/page_5_bnw_11.png,d5c101015af16097dd7a
dacb6c40-85e2-4c9c-9593-16001a2364d7,CC1C(=CC([C@H](O1)OCC2=C(C=C(C=C2)OC)OC)O)[N+](=CC3=C(C=[N+](C(=C3[O-])C)C)COP(=O)=O)C,/user/mahaohui/IMG2SMILES/collect_NCBI/example_pictures/d5c101015af16097dd7a/segments/page_10_bnw_5.png,d5c101015af16097dd7a
7a6365ae-bbcc-4a62-ab9b-6518d0f699fd,CC1[C@](C(C([C@H](O1)O)O)N)(C)O,/user/mahaohui/IMG2SMILES/collect_NCBI/example_pictures/d5c101015af16097dd7a/segments/page_2_bnw_23.png,d5c101015af16097dd7a
0be92644-6fbb-44c3-92fb-22329c4cc9ff,CC1C(=[N+](C)/C=C/2\C(=C([NH+]=C2COP(=O)(=O)=O)OC)[O-])CC(C(O1)OC(=O)F)O,/user/mahaohui/IMG2SMILES/collect_NCBI/example_pictures/d5c101015af16097dd7a/segments/page_8_bnw_4.png,d5c101015af16097dd7a
89a91cc6-b99a-41ba-b21c-0a28d9c2413b,C[C@@H]([C@@H](C1[C@@H](C(C[C@@](O1)(C(=O)O)O)O)NC(=O)C)NC(=O)C)O,/user/mahaohui/IMG2SMILES/collect_NCBI/example_pictures/d5c101015af16097dd7a/segments/page_2_bnw_0.png,d5c101015af16097dd7a
6d5c2b0b-fe54-436c-9b5e-635332be324f,[H][C@@]([3H])(C1=C(C=[N+](C(=C1[O-])C)C)COP(=O)([O-])[O-])[N+](=C2C(OC(C(C2O)O)OC(=O)[O-])C)[3H],/user/mahaohui/IMG2SMILES/collect_NCBI/example_pictures/d5c101015af16097dd7a/segments/page_8_bnw_3.png,d5c101015af16097dd7a
e5b50088-ae14-4946-a0b8-d90c602911a1,CNCC1(CO[C@@H](C(C1O)O)O)O,/user/mahaohui/IMG2SMILES/collect_NCBI/example_pictures/d5c101015af16097dd7a/segments/page_2_bnw_13.png,d5c101015af16097dd7a
37091b10-6954-4c08-b16b-f49a392c800b,CCC(=O)O[C@H]1C(CC(C(O1)C)O)O,/user/mahaohui/IMG2SMILES/collect_NCBI/example_pictures/d5c101015af16097dd7a/segments/page_8_bnw_1.png,d5c101015af16097dd7a
e16560c3-fe83-4ab1-a73e-7f78304cb9a7,C[C@H]([C@H](C1[C@@H](C(C[C@@](O1)(C(=O)O)O)O)NC(=O)C)NC(=O)C)O,/user/mahaohui/IMG2SMILES/collect_NCBI/example_pictures/d5c101015af16097dd7a/segments/page_2_bnw_18.png,d5c101015af16097dd7a
23bd6a18-a715-466b-824a-a6621e3c055c,CCCCN(CCCC)O[C@H]1C2(C([C@@H](O1)C(OC2=O)C)O)O,/user/mahaohui/IMG2SMILES/collect_NCBI/example_pictures/d5c101015af16097dd7a/segments/page_4_bnw_3.png,d5c101015af16097dd7a
0ed6129e-a67c-4d3c-84e5-01bd1ee1e57f,CC1C(=[N+](C)/C=C/2\C(=C([NH+]=C2COP(=O)(=O)=O)OC)[O-])CC(C(O1)OC(=O)F)O,/user/mahaohui/IMG2SMILES/collect_NCBI/example_pictures/d5c101015af16097dd7a/segments/page_8_bnw_5.png,d5c101015af16097dd7a
1c345cb4-1d44-4604-b9e5-2dfc922d082d,CC1[C@@H](C(C([C@H](O1)O[C@H](C(C)C)C(C)C)O)O)C,/user/mahaohui/IMG2SMILES/collect_NCBI/example_pictures/d5c101015af16097dd7a/segments/page_6_bnw_4.png,d5c101015af16097dd7a
b7acac84-31a6-4647-bdfa-b2df6a32d8b0,CCCCO[C@H]1C(C([C@H](O1)C)O)O,/user/mahaohui/IMG2SMILES/collect_NCBI/example_pictures/d5c101015af16097dd7a/segments/page_10_bnw_6.png,d5c101015af16097dd7a
4b8e0bc3-5f3a-4dee-a018-61093c8cc641,CC1[C@@H](CC[C@@H](O1)O[Si](C(C)C)(C(C)C)C(C)C)[N+](C)(C)CC2=C(C(=[N+](C=C2COP(=O)(O)O)C)C)[O-],/user/mahaohui/IMG2SMILES/collect_NCBI/example_pictures/d5c101015af16097dd7a/segments/page_11_bnw_1.png,d5c101015af16097dd7a
d6d81741-5467-42de-8dd6-4aa5b620deb4,[H][C@]([H])(C1=C(C=[NH+]C(=C1[O-])C)COP(=O)([O-])[O-])[N+](=C2C(OC(C(C2O)O)OCC(OC)OC)C)[3H],/user/mahaohui/IMG2SMILES/collect_NCBI/example_pictures/d5c101015af16097dd7a/segments/page_5_bnw_13.png,d5c101015af16097dd7a
8d0137eb-9234-4277-a9b3-3e6aaed70c3e,CC1[C@@H](CC(O1)[C@@H](OC)OC2=C(C=CC=C2C(C)C)C(C)C)[NH3+],/user/mahaohui/IMG2SMILES/collect_NCBI/example_pictures/d5c101015af16097dd7a/segments/page_10_bnw_4.png,d5c101015af16097dd7a
cc5ed945-3ce0-4960-9e8b-3e13cceec16b,CCCCC/C=C\C/C=C\CCCC[125I],/user/mahaohui/IMG2SMILES/collect_NCBI/example_pictures/d5c101015af16097dd7a/segments/page_12_bnw_6.png,d5c101015af16097dd7a
38932281-8834-43fe-b78a-552edd688268,CC1=C(C(=C(C=[NH+]1)COP(=O)([O-])[O-])/C(=[N+](/[H])\[Si](C)(C)C)/NC2C(C(C(OC2C)ON=S(=O)=O)O)O)[O-],/user/mahaohui/IMG2SMILES/collect_NCBI/example_pictures/d5c101015af16097dd7a/segments/page_5_bnw_4.png,d5c101015af16097dd7a
e4f394f2-ac4d-4850-9b31-400658b000f4,CC1=C(C(=C(C=[NH+]1)COP(=O)=O)[C@@H](C)[N+](=[R]([H])[C@H]2C(C3[C@@H](OC2C)OC(O3)(O4)OC5=C(C=CC=C5C(C)(C)C)C(C)(C)C)O)C)[O-],/user/mahaohui/IMG2SMILES/collect_NCBI/example_pictures/d5c101015af16097dd7a/segments/page_10_bnw_2.png,d5c101015af16097dd7a
4c6e9682-6f94-426c-815f-291f9c0ce37d,CC(C)[Si](C(C)C)(C(C)C)O[C@H]1C[C@@]2(C[C@H]2[N+](=C(C3=C(C=[NH+]C(=C3[O-])C)COP(=O)(O)O)[O-])C)O,/user/mahaohui/IMG2SMILES/collect_NCBI/example_pictures/d5c101015af16097dd7a/segments/page_11_bnw_5.png,d5c101015af16097dd7a
d31717f4-1565-4dcc-ba5f-ab6b9beb55da,CC1=C(C(=C(C=[NH+]1)COP(=O)(O)O)C=[N+]([H])[C@@](C)(C(=O)[O-])[R])[O-],/user/mahaohui/IMG2SMILES/collect_NCBI/example_pictures/d5c101015af16097dd7a/segments/page_5_bnw_0.png,d5c101015af16097dd7a
39e327fa-f280-4fd7-937f-dff8fd265568,CCCC(C)O[C@@H]1CC([C@H](C(O1)C)O)(C)N,/user/mahaohui/IMG2SMILES/collect_NCBI/example_pictures/d5c101015af16097dd7a/segments/page_3_bnw_2.png,d5c101015af16097dd7a
5f04d81d-6dd2-4579-bc28-b9bfb38178df,CC1C(C[C@@H](O1)O)([C@H](C)O)N,/user/mahaohui/IMG2SMILES/collect_NCBI/example_pictures/d5c101015af16097dd7a/segments/page_2_bnw_4.png,d5c101015af16097dd7a
c3904b68-efaa-47c3-bba7-206bd312b559,CCCCCCCCCCCC[CH2-],/user/mahaohui/IMG2SMILES/collect_NCBI/example_pictures/d5c101015af16097dd7a/segments/page_12_bnw_3.png,d5c101015af16097dd7a
cf0c49ce-f87c-4393-b3d2-3e3d90415392,CC(C)[Si](C(C)C)(C(C)C)O[C@@H]1C(C(=O)[C@@H](C(O1)C)C)O,/user/mahaohui/IMG2SMILES/collect_NCBI/example_pictures/d5c101015af16097dd7a/segments/page_6_bnw_11.png,d5c101015af16097dd7a
4870e2e7-f4ee-4254-af66-095a541d6eec,[H+].CC1C(=CC([C@@H](O1)O[Si](C2=CC=CC=C2)(C3=CC=CC=C3)C(C)C)O)N,/user/mahaohui/IMG2SMILES/collect_NCBI/example_pictures/d5c101015af16097dd7a/segments/page_10_bnw_1.png,d5c101015af16097dd7a
08f2ae39-2e7d-43fb-80dc-83c6dbeb3f43,CC1C(=O)C(C([C@H](O1)OCC2=C(C=C(C=C2)OC)OC)NC(=O)C)O,/user/mahaohui/IMG2SMILES/collect_NCBI/example_pictures/d5c101015af16097dd7a/segments/page_6_bnw_3.png,d5c101015af16097dd7a
31de0e08-2134-4171-b13f-a438a775b3ac,C[C@]1(CC([C@H](OC1)O)(CNC)O)O,/user/mahaohui/IMG2SMILES/collect_NCBI/example_pictures/d5c101015af16097dd7a/segments/page_2_bnw_15.png,d5c101015af16097dd7a
1ee3b141-1161-42ab-a68a-9978585fd9eb,CC.CC.CC.CC.CC.CC.CC.CC.CC.CC.CC.CC.CC.CC.CC.CC.CC.CC.CC.CC.CC.CC.CC.CC.CC.CC.CC.CC.CC.CC.CC.CC.CC.CC.CC.CC.CC.CC.CC.CC.CC.CC.CC.CC.CC.CC.CC.CC.CC.C.C.C,/user/mahaohui/IMG2SMILES/collect_NCBI/example_pictures/d5c101015af16097dd7a/segments/page_5_bnw_12.png,d5c101015af16097dd7a
ec8913cb-1079-41fe-9e9c-fafd2543d99a,C(C1[C@@H](C(C([C@H](O1)O)N)O)O)O,/user/mahaohui/IMG2SMILES/collect_NCBI/example_pictures/d5c101015af16097dd7a/segments/page_2_bnw_6.png,d5c101015af16097dd7a
5b19eaa7-39ee-4d4d-958d-d0f0a75a3c3a,C1=CN(C(=O)NC1=O)[C@H]2[C@@H]([C@@H]([C@H](O2)[C@H]([C@H](C(=O)O)N)O)O)O,/user/mahaohui/IMG2SMILES/collect_NCBI/example_pictures/d5c101015af16097dd7a/segments/page_12_bnw_2.png,d5c101015af16097dd7a
a2d9be79-a3ce-409b-9f2b-85527f6a60f8,CCCCNO[C@@H]1C(C(=O)[C@@H]([C@@H](O1)C)O)O,/user/mahaohui/IMG2SMILES/collect_NCBI/example_pictures/d5c101015af16097dd7a/segments/page_4_bnw_2.png,d5c101015af16097dd7a
6d3ab0f2-97af-486d-8d94-41cb66f87880,CC1[C@@H](C(=O)C([C@H](O1)OC2CCCCO2)O)O,/user/mahaohui/IMG2SMILES/collect_NCBI/example_pictures/d5c101015af16097dd7a/segments/page_6_bnw_2.png,d5c101015af16097dd7a
12c781bd-6a10-470e-8a5d-0b89eef004eb,CCCC(C(C)C)O[C@@H]1C(C(=O)[C@H](C(O1)C)O)O,/user/mahaohui/IMG2SMILES/collect_NCBI/example_pictures/d5c101015af16097dd7a/segments/page_6_bnw_0.png,d5c101015af16097dd7a
1b3ce284-e941-45ce-81b5-18c9da127f32,CC1=C(C(=C(C=N1)COP(=O)(O)O)C[N+](=[R]([H])[C@@H](C(=O)[O-])[R])C)[O-],/user/mahaohui/IMG2SMILES/collect_NCBI/example_pictures/d5c101015af16097dd7a/segments/page_5_bnw_7.png,d5c101015af16097dd7a
6304ed15-3e81-4abe-999b-1b1e328b3302,C([C@@](C(=O)[O-])(N)[R])(F)(F)F,/user/mahaohui/IMG2SMILES/collect_NCBI/example_pictures/d5c101015af16097dd7a/segments/page_5_bnw_5.png,d5c101015af16097dd7a
79492d3c-e709-42c3-a6c3-ebcc8c599ab2,COC1=C(C(=C(C=[NH+]1)COP(=O)(C)C)CN)[O-],/user/mahaohui/IMG2SMILES/collect_NCBI/example_pictures/d5c101015af16097dd7a/segments/page_5_bnw_6.png,d5c101015af16097dd7a
3d8f819e-88d7-4e74-8011-393014d99852,CC1([C@@H]2CC([C@@H](O1)OCC3=CC=CC=C3)O)C,/user/mahaohui/IMG2SMILES/collect_NCBI/example_pictures/d5c101015af16097dd7a/segments/page_8_bnw_0.png,d5c101015af16097dd7a
cf3516bd-94cb-4508-9576-668aebc64741,CC1=C(C(=C(C=N1)COP(=O)(I)I)C=[N+]([H])S(=O)(=O)C)[O-],/user/mahaohui/IMG2SMILES/collect_NCBI/example_pictures/d5c101015af16097dd7a/segments/page_5_bnw_2.png,d5c101015af16097dd7a
23b49bf8-a877-4ee5-b609-d519e3d5217a,CC1C(C[C@@H](O1)O)(C)[N+](=O)[O-],/user/mahaohui/IMG2SMILES/collect_NCBI/example_pictures/d5c101015af16097dd7a/segments/page_3_bnw_5.png,d5c101015af16097dd7a
706d11c7-a57e-4ac6-9224-76fa56e30d20,CC1([C@H](C(O[C@@H](C1)O)(C)C)OC)[N+](=O)[O-],/user/mahaohui/IMG2SMILES/collect_NCBI/example_pictures/d5c101015af16097dd7a/segments/page_3_bnw_6.png,d5c101015af16097dd7a
5f7b6cd2-7f63-4159-bdda-509c223f818f,C1=CN(C(=O)NC1=O)[C@H]2[C@@H]([C@@H]([C@H](O2)CO)O)O,/user/mahaohui/IMG2SMILES/collect_NCBI/example_pictures/d5c101015af16097dd7a/segments/page_12_bnw_5.png,d5c101015af16097dd7a
0c5ff95e-6dbb-4c19-8503-d0ebfd24e03d,CC1=C(C(=C(C=N1)COP(=O)(O)O)C([N+](=[X]([H])[H])[S-])N([C@@]([H])(C(=O)[O-])[R])[S](=O)(=O)C)[O-],/user/mahaohui/IMG2SMILES/collect_NCBI/example_pictures/d5c101015af16097dd7a/segments/page_5_bnw_9.png,d5c101015af16097dd7a
d024ce7d-bd7c-4ca6-a4d8-87ed7e5bc687,CC1[C@@H](C(C([C@H](O1)O)O)N)O,/user/mahaohui/IMG2SMILES/collect_NCBI/example_pictures/d5c101015af16097dd7a/segments/page_2_bnw_10.png,d5c101015af16097dd7a
96410c1c-8a0d-4128-969b-e6f600966952,CC(=O)NC1[C@H](OC([C@@H](C1O)O)CO)O,/user/mahaohui/IMG2SMILES/collect_NCBI/example_pictures/d5c101015af16097dd7a/segments/page_2_bnw_8.png,d5c101015af16097dd7a
db7ed60b-64a0-4187-8dca-0742fd77c0cc,C1=CN(C(=O)NC1=O)[C@H]2[C@@H]([C@@H]([C@H](O2)C=O)O)O,/user/mahaohui/IMG2SMILES/collect_NCBI/example_pictures/d5c101015af16097dd7a/segments/page_12_bnw_4.png,d5c101015af16097dd7a
24dc16fe-0660-4eb5-9bae-025f1b407ad6,CC(=O)NC1[C@H](OC([C@@H](C1O)O)CO)O,/user/mahaohui/IMG2SMILES/collect_NCBI/example_pictures/d5c101015af16097dd7a/segments/page_2_bnw_2.png,d5c101015af16097dd7a
36715a38-741c-4feb-b10d-5b2377096b70,CC1([C@@H](C(C[C@@H](O1)OC)(C)NO)O)C,/user/mahaohui/IMG2SMILES/collect_NCBI/example_pictures/d5c101015af16097dd7a/segments/page_3_bnw_1.png,d5c101015af16097dd7a
5fa0eb68-2098-4f1a-8224-e5d5dd2dd76f,CC1[C@@H](C(C([C@H](O1)O)NC(=O)C)O)NC(=O)C,/user/mahaohui/IMG2SMILES/collect_NCBI/example_pictures/d5c101015af16097dd7a/segments/page_2_bnw_7.png,d5c101015af16097dd7a
9be795b0-073c-4ca3-b974-d3acae29e131,CC1CC(C([C@H](O1)O)O)N(C)C,/user/mahaohui/IMG2SMILES/collect_NCBI/example_pictures/d5c101015af16097dd7a/segments/page_2_bnw_5.png,d5c101015af16097dd7a
67a72773-4bc3-4643-a55d-55c2b7f2d495,CC1C(=CC([C@@H](O1)OC(=O)[Pb])O)[N+](=CC2=C(C(=[N+](C=C2COP(=O)(=O)=O)C)C)[O-])C,/user/mahaohui/IMG2SMILES/collect_NCBI/example_pictures/d5c101015af16097dd7a/segments/page_8_bnw_7.png,d5c101015af16097dd7a
b6045a40-69e4-47ea-b19c-8490790dd905,CC1C(C(C(C(O1)ON=[N+]=[N-])O)O)(C)[N+](=C([H])C2=C(C=[NH+]C(=C2[O-])C)COP(=O)([O-])[O-])[O-],/user/mahaohui/IMG2SMILES/collect_NCBI/example_pictures/d5c101015af16097dd7a/segments/page_5_bnw_1.png,d5c101015af16097dd7a
2ae05232-2a4d-4782-95f7-025c3ea3cc84,CC1C(C[C@H](O1)O)(C)N,/user/mahaohui/IMG2SMILES/collect_NCBI/example_pictures/d5c101015af16097dd7a/segments/page_2_bnw_9.png,d5c101015af16097dd7a
3d8ac104-a647-4fd7-9205-2ad79af4d726,C(C1[C@@H](C(C([C@H](O1)O)O)O)N)O,/user/mahaohui/IMG2SMILES/collect_NCBI/example_pictures/d5c101015af16097dd7a/segments/page_2_bnw_1.png,d5c101015af16097dd7a
881fbc8b-1907-48d9-b1bc-e805ef79b0df,C[C@H](CC(=O)OC1C(C(C(CO1)OC)OC)OC)CC(=O)O[C@H](CC(=O)O[C@H]2CN(C)[C@@H]([C@@H]([C@@H]3[C@H]([C@H](C(N4C=CC(=O)NC4=O)O3)O)O)O[C@@H]5[C@@H]([C@@H]([C@@H],/user/mahaohui/IMG2SMILES/collect_NCBI/example_pictures/d5c101015af16097dd7a/segments/page_12_bnw_1.png,d5c101015af16097dd7a
a33a118f-789b-4e43-85f4-f4271a961a91,CC1[C@@H](C(C([C@H](O1)O)O)O)N,/user/mahaohui/IMG2SMILES/collect_NCBI/example_pictures/d5c101015af16097dd7a/segments/page_2_bnw_3.png,d5c101015af16097dd7a
236fdf70-1fe7-4405-ac4b-741c2995960a,CC1C(=[N+](C)CC2=C(C(=[NH+]C=C2COP(=O)(=O)=O)C)[O-])CC(C(O1)OC(=O)C=O)O,/user/mahaohui/IMG2SMILES/collect_NCBI/example_pictures/d5c101015af16097dd7a/segments/page_8_bnw_6.png,d5c101015af16097dd7a
fce5ca9b-c9ea-4994-8135-603b27b82f97,C(C1[C@@H](C(C([C@H](O1)O)O)O)O)N,/user/mahaohui/IMG2SMILES/collect_NCBI/example_pictures/d5c101015af16097dd7a/segments/page_2_bnw_11.png,d5c101015af16097dd7a
306927e3-47be-443d-9d58-40a7bc146042,CCCCNO[C@@H]1C(C([C@H](C(O1)C)O)O)O,/user/mahaohui/IMG2SMILES/collect_NCBI/example_pictures/d5c101015af16097dd7a/segments/page_4_bnw_0.png,d5c101015af16097dd7a
75fc2ea0-745e-4562-8916-dc9dea5ccca2,CC1C(=O)C(C([C@H](O1)ON=[Pb])O)O,/user/mahaohui/IMG2SMILES/collect_NCBI/example_pictures/d5c101015af16097dd7a/segments/page_5_bnw_8.png,d5c101015af16097dd7a
6034853e-c36c-4e16-b2ac-8ae6ca6d7f9e,C1[C@H]2[C@H]3C(C4[C@@H](C(O3)C(O2)O4)CO)[C@]5(C(C([C@H](C(O5)C(CO)N)O)O)O)O,/user/mahaohui/IMG2SMILES/collect_NCBI/example_pictures/d5c101015af16097dd7a/segments/page_2_bnw_17.png,d5c101015af16097dd7a
a36f4257-27f5-456c-9b05-50df245545af,CCCCC(=O)O[C@@H]1C([C@@H](C(=O)C(O1)C)O)O,/user/mahaohui/IMG2SMILES/collect_NCBI/example_pictures/d5c101015af16097dd7a/segments/page_8_bnw_2.png,d5c101015af16097dd7a
59ef75a6-4f0b-404c-9880-3acec502ee75,CC(C)[Si](C(C)C)(C(C)C)O[C@H]1CC([C@H](C(O1)(C)C)OC)(C)NO,/user/mahaohui/IMG2SMILES/collect_NCBI/example_pictures/d5c101015af16097dd7a/segments/page_3_bnw_4.png,d5c101015af16097dd7a
609521d8-22a5-4d1a-8325-772439c2d2d9,COC(C[R1])([N+]([H])([H])C[R3])[R2].CS(=O)(=O)[NH3+].C(=O)([NH3+])[O-],/user/mahaohui/IMG2SMILES/collect_NCBI/example_pictures/db23b9b0b22f558ac4a1/segments/page_30_bnw_5.png,db23b9b0b22f558ac4a1
ef9f43c7-f4dd-402e-81f1-52990918c221,CC(=[NH2+])CC1=CC=C(C=C1)F,/user/mahaohui/IMG2SMILES/collect_NCBI/example_pictures/db23b9b0b22f558ac4a1/segments/page_16_bnw_4.png,db23b9b0b22f558ac4a1
6e38bc02-29cc-44ad-848a-1eaad460b607,C[C@H](CC1=CC=C(C=C1)F)N,/user/mahaohui/IMG2SMILES/collect_NCBI/example_pictures/db23b9b0b22f558ac4a1/segments/page_16_bnw_1.png,db23b9b0b22f558ac4a1
635950f2-2ee6-45c8-8bc5-dd2f1e2e85fa,CC(=O)CC1=CC=C(C=C1)F,/user/mahaohui/IMG2SMILES/collect_NCBI/example_pictures/db23b9b0b22f558ac4a1/segments/page_7_bnw_0.png,db23b9b0b22f558ac4a1
8fc6255e-7f0b-422f-a68c-7c6cac648c7f,C[C@H](CC1=CC=C(C=C1)F)N,/user/mahaohui/IMG2SMILES/collect_NCBI/example_pictures/db23b9b0b22f558ac4a1/segments/page_16_bnw_6.png,db23b9b0b22f558ac4a1
9d85f7ea-580e-4e95-80d6-9c95af39c09b,CC(=O)CC1=CC=C(C=C1)F,/user/mahaohui/IMG2SMILES/collect_NCBI/example_pictures/db23b9b0b22f558ac4a1/segments/page_16_bnw_2.png,db23b9b0b22f558ac4a1
8dad9b6c-a991-4c5c-a276-42ff0dbd76b8,CC(CC1=CC=C(C=C1)F)NC2CC2,/user/mahaohui/IMG2SMILES/collect_NCBI/example_pictures/db23b9b0b22f558ac4a1/segments/page_16_bnw_7.png,db23b9b0b22f558ac4a1
063f633a-a036-47a6-b6cb-e45e41a27921,C(C(N)[R2])[R1],/user/mahaohui/IMG2SMILES/collect_NCBI/example_pictures/db23b9b0b22f558ac4a1/segments/page_30_bnw_0.png,db23b9b0b22f558ac4a1
017a3eb4-13f8-4e0e-a4fc-dcb9ad1569e9,CC(=O)CC1=CC=C(C=C1)F,/user/mahaohui/IMG2SMILES/collect_NCBI/example_pictures/db23b9b0b22f558ac4a1/segments/page_16_bnw_3.png,db23b9b0b22f558ac4a1
0be2354b-e658-4436-a3de-07d9971963d9,CC(=O)CC1=CC=C(C=C1)F,/user/mahaohui/IMG2SMILES/collect_NCBI/example_pictures/db23b9b0b22f558ac4a1/segments/page_16_bnw_5.png,db23b9b0b22f558ac4a1
c4a29839-a351-43fb-88d2-daa3b778dddd,CCC[NH2+],/user/mahaohui/IMG2SMILES/collect_NCBI/example_pictures/db23b9b0b22f558ac4a1/segments/page_7_bnw_6.png,db23b9b0b22f558ac4a1
aec99d7a-8038-49d5-8670-e9f07aff9e1d,C[C@H](CC1=CC=C(C=C1)F)N,/user/mahaohui/IMG2SMILES/collect_NCBI/example_pictures/db23b9b0b22f558ac4a1/segments/page_16_bnw_0.png,db23b9b0b22f558ac4a1
bcba925a-5d67-4699-8344-31ad33299daa,C(C(=O)[R2])[R1].C(=O)([N+]#N)[O-].CS(=O)(=O)[NH2+]C.[AlH]=O,/user/mahaohui/IMG2SMILES/collect_NCBI/example_pictures/db23b9b0b22f558ac4a1/segments/page_30_bnw_2.png,db23b9b0b22f558ac4a1
fa1820c0-7b00-432f-9c08-9e0042dbce7f,C(N)[R13],/user/mahaohui/IMG2SMILES/collect_NCBI/example_pictures/db23b9b0b22f558ac4a1/segments/page_30_bnw_3.png,db23b9b0b22f558ac4a1
ed0ab80b-fa00-47fa-aee9-177be6ef0f98,CC[CH]CCC(=O)C,/user/mahaohui/IMG2SMILES/collect_NCBI/example_pictures/db23b9b0b22f558ac4a1/segments/page_7_bnw_2.png,db23b9b0b22f558ac4a1
55a3bf9c-a5c9-4926-8069-8aa61fbd5380,C([C@@H](NC[R3])[R2])[R1],/user/mahaohui/IMG2SMILES/collect_NCBI/example_pictures/db23b9b0b22f558ac4a1/segments/page_30_bnw_1.png,db23b9b0b22f558ac4a1
e584de79-a0a9-4f2a-98db-3c09ff127ba8,C(=S)([As])[S-],/user/mahaohui/IMG2SMILES/collect_NCBI/example_pictures/db23b9b0b22f558ac4a1/segments/page_30_bnw_4.png,db23b9b0b22f558ac4a1
16b4d0c0-b6ff-4b09-8f6b-c3ae21bc2b58,C(N([R17])[R4])([R2])[X17],/user/mahaohui/IMG2SMILES/collect_NCBI/example_pictures/db23b9b0b22f558ac4a1/segments/page_7_bnw_10.png,db23b9b0b22f558ac4a1
a89d2e8c-0007-4ac9-b49e-a4b7c7bc3282,C1=CC2=C(C(=C1)O)N=C(C=C2O)C(=O)O,/user/mahaohui/IMG2SMILES/collect_NCBI/example_pictures/c0986fb3ab5dbe07d8b3/segments/page_2_bnw_0.png,c0986fb3ab5dbe07d8b3
d0605cc0-0338-4138-b43f-c6a94c3ce9fa,C1=CC(=C(C=C1)N)C(=O)CC(C(=O)O)N,/user/mahaohui/IMG2SMILES/collect_NCBI/example_pictures/c0986fb3ab5dbe07d8b3/segments/page_2_bnw_4.png,c0986fb3ab5dbe07d8b3
5c21fb9b-d459-4914-bb2f-26c8f698c15b,C1=CC(=C(C=C1)NC([R])[R])C(=O)CC(C(=O)O)N,/user/mahaohui/IMG2SMILES/collect_NCBI/example_pictures/c0986fb3ab5dbe07d8b3/segments/page_2_bnw_2.png,c0986fb3ab5dbe07d8b3
e46c8a4b-6da1-45ec-996a-3bd6057e6dad,C1=CC2=C(C=C1)NC=C2CC(C(=O)[O-])[NH3+],/user/mahaohui/IMG2SMILES/collect_NCBI/example_pictures/c0986fb3ab5dbe07d8b3/segments/page_2_bnw_5.png,c0986fb3ab5dbe07d8b3
fc7e4021-d36a-450a-be0f-481e19d89a06,C1=CC(=C(C(=C1)O)N)C(=O)CC(C(=O)O)N,/user/mahaohui/IMG2SMILES/collect_NCBI/example_pictures/c0986fb3ab5dbe07d8b3/segments/page_2_bnw_1.png,c0986fb3ab5dbe07d8b3
8a1a3ec6-1d18-4484-b55b-2fd7318cf55c,C1=CC2=C(C=C1)N=C(C=C2O)C(=O)O,/user/mahaohui/IMG2SMILES/collect_NCBI/example_pictures/c0986fb3ab5dbe07d8b3/segments/page_2_bnw_3.png,c0986fb3ab5dbe07d8b3
6e09ba8e-b938-43a5-adef-e3933bfa9f1c,C[S+](CC[C@@H](C(=O)[O-])[NH3+])C[C@@H]1[C@H]([C@H]([C@@H](O1)N2C=NC3=C(N=CN=C32)N)O)O,/user/mahaohui/IMG2SMILES/collect_NCBI/example_pictures/d537e698bd4a14fb5eb5/segments/page_2_bnw_0.png,d537e698bd4a14fb5eb5
e3f9bc35-09fb-4bde-b896-975b0df52e28,CC(CC[C@H]([C@H]([C@H](CO)O)O)O)[C@H]1CC[C@]2(C1CCCC2)C,/user/mahaohui/IMG2SMILES/collect_NCBI/example_pictures/d537e698bd4a14fb5eb5/segments/page_2_bnw_4.png,d537e698bd4a14fb5eb5
5d690e70-97d1-4e55-a34b-9713b0b2d4e4,CC(=C)[C@H]1CC[C@]2(C1CC[C@@]3(C2CCC4[C@]3(CCC5[C@@]4(CCC[C@@]5(C)C)C)C)C)C,/user/mahaohui/IMG2SMILES/collect_NCBI/example_pictures/d537e698bd4a14fb5eb5/segments/page_2_bnw_2.png,d537e698bd4a14fb5eb5
e3dc7f85-b84d-46a4-ad64-b2583fb2909c,CC(CC[C@@H]1[C@H]([C@H]([C@H](O1)O)O)O)[C@H]2CC[C@]3(C2CCCC3)C,/user/mahaohui/IMG2SMILES/collect_NCBI/example_pictures/d537e698bd4a14fb5eb5/segments/page_2_bnw_5.png,d537e698bd4a14fb5eb5
58b03ecb-1b6c-461c-9431-4affa9e1de37,C[C@@H](CC[C@@H]1[C@H]([C@H]([C@@H](O1)N2C=NC3=C(N=CN=C32)N)O)O)C4CC[C@]5(C4CCCC5)C,/user/mahaohui/IMG2SMILES/collect_NCBI/example_pictures/d537e698bd4a14fb5eb5/segments/page_2_bnw_1.png,d537e698bd4a14fb5eb5
451fa1e3-ad1c-405a-914e-669a7b5f88db,CC(CC[C@H]([C@H]([C@H](CN)O)O)O)[C@H]1CC[C@@]2(C1CCCC2)C,/user/mahaohui/IMG2SMILES/collect_NCBI/example_pictures/d537e698bd4a14fb5eb5/segments/page_2_bnw_3.png,d537e698bd4a14fb5eb5
986ae6f6-c7d6-411a-8064-7cc198e78feb,CC1=CN=C(C(=C1Cl)C)C,/user/mahaohui/IMG2SMILES/collect_NCBI/example_pictures/cd097e523f90460e960f/segments/page_4_bnw_2.png,cd097e523f90460e960f
cec2908b-ab6d-4625-b1f3-57e487fc4626,CC1=CN=C(C(=C1Cl)C)C,/user/mahaohui/IMG2SMILES/collect_NCBI/example_pictures/cd097e523f90460e960f/segments/page_4_bnw_1.png,cd097e523f90460e960f
315c29f1-b0eb-41d3-b481-56335f7a8428,C[CH2-].CC1=CN=C(C(=C1C)C)C.[W],/user/mahaohui/IMG2SMILES/collect_NCBI/example_pictures/cd097e523f90460e960f/segments/page_4_bnw_0.png,cd097e523f90460e960f
7c66fb49-737a-4198-aa8d-7d5bfa324136,CC1=NC=C(C(=C1OC)CN=C(C)C(=O)[O-])CF.CS(=O)(=O)CN,/user/mahaohui/IMG2SMILES/collect_NCBI/example_pictures/d2e74ae5caa796d2d58b/segments/page_3_bnw_0.png,d2e74ae5caa796d2d58b
57351d82-b96d-49db-a4fb-e2aa38534ea7,CC1=NC=C(C(=C1OC)C(NCS(=O)(=O)C)N[C@@H](C)C(=O)[O-])CC(C)C,/user/mahaohui/IMG2SMILES/collect_NCBI/example_pictures/d2e74ae5caa796d2d58b/segments/page_3_bnw_3.png,d2e74ae5caa796d2d58b
6cd0152b-6f20-4316-95d7-793556689635,CC(=O)C(=O)O[O-],/user/mahaohui/IMG2SMILES/collect_NCBI/example_pictures/d2e74ae5caa796d2d58b/segments/page_3_bnw_8.png,d2e74ae5caa796d2d58b
67307daa-4ae0-4ede-87ab-0f0e620262ef,CC1=NC=C(C(=C1OC)CNC(C)(C(=O)[O-])O[2H])C[Tl].CS(=[NH+])C[15NH],/user/mahaohui/IMG2SMILES/collect_NCBI/example_pictures/d2e74ae5caa796d2d58b/segments/page_3_bnw_7.png,d2e74ae5caa796d2d58b
91b4b188-6630-422a-8b20-6a482666d859,C[C@@H](C(=O)OC)N,/user/mahaohui/IMG2SMILES/collect_NCBI/example_pictures/d2e74ae5caa796d2d58b/segments/page_2_bnw_0.png,d2e74ae5caa796d2d58b
0fb055ff-7db9-4d2b-ac1d-f224c02996dd,[H][C@]([H])(C(=O)[O-])[NH+](CC1=C(C(=NC=C1C[P@])C)[O-])C(C)(C)C(=O)[O-].CS(=O)(=O)CN.[K+].[K+],/user/mahaohui/IMG2SMILES/collect_NCBI/example_pictures/d2e74ae5caa796d2d58b/segments/page_3_bnw_10.png,d2e74ae5caa796d2d58b
555956c9-6d3d-46fe-a088-7efabeea43d5,CC1=NC=C(C(=C1O)CN)C[R],/user/mahaohui/IMG2SMILES/collect_NCBI/example_pictures/d2e74ae5caa796d2d58b/segments/page_3_bnw_2.png,d2e74ae5caa796d2d58b
0022446f-05e7-4e69-9b40-768d49f7b4dc,C[C@@H](C1=CC=CC=C1)N,/user/mahaohui/IMG2SMILES/collect_NCBI/example_pictures/d2e74ae5caa796d2d58b/segments/page_2_bnw_4.png,d2e74ae5caa796d2d58b
f7c5d345-34f7-488f-bd49-73d35998d939,CC(=O)C(=O)O[O-],/user/mahaohui/IMG2SMILES/collect_NCBI/example_pictures/d2e74ae5caa796d2d58b/segments/page_2_bnw_6.png,d2e74ae5caa796d2d58b
d55b18df-1c59-47ae-880c-70586688b50e,CC1=NC=C(C(=C1OC)C(=[NH+]C(C)C(=O)[O-])[S-])CC(C)C,/user/mahaohui/IMG2SMILES/collect_NCBI/example_pictures/d2e74ae5caa796d2d58b/segments/page_3_bnw_5.png,d2e74ae5caa796d2d58b
4809edf5-7eb0-458d-9a09-777186509f95,CC1=NC=C(C(=C1[O-])C([NH2+]CS(=O)(=O)C)N[C@@H](C)C(=O)[O-])CF,/user/mahaohui/IMG2SMILES/collect_NCBI/example_pictures/d2e74ae5caa796d2d58b/segments/page_3_bnw_6.png,d2e74ae5caa796d2d58b
0273264e-d6ac-4b62-bcdc-45eb4146e9f7,CC1=NC=C(C(=C1OC)C(NCSC)N[C@@H](C)C(=O)[O-])CC(C)C,/user/mahaohui/IMG2SMILES/collect_NCBI/example_pictures/d2e74ae5caa796d2d58b/segments/page_3_bnw_9.png,d2e74ae5caa796d2d58b
7a517369-48a5-4456-942a-dd122e4c3c92,CC(=[P])C1=CC=CC=C1,/user/mahaohui/IMG2SMILES/collect_NCBI/example_pictures/d2e74ae5caa796d2d58b/segments/page_2_bnw_2.png,d2e74ae5caa796d2d58b
f6f30cf0-16fb-41d7-a0cf-7a3e3b14039d,[3H]CC1=CN=C(C(=C1CN=C(C)C(=O)[O-])O[3H])C.[3H]OC.CS(=O)(=O)C[NH-].[Y],/user/mahaohui/IMG2SMILES/collect_NCBI/example_pictures/d2e74ae5caa796d2d58b/segments/page_3_bnw_1.png,d2e74ae5caa796d2d58b
aee22199-791c-42c1-bc3b-4efe46bab0c0,CC1=NC=C(C(=C1O)CN)C[R],/user/mahaohui/IMG2SMILES/collect_NCBI/example_pictures/d2e74ae5caa796d2d58b/segments/page_2_bnw_7.png,d2e74ae5caa796d2d58b
442c161c-8b16-499b-9738-4175b2129fb0,CC1=NC=C(C(=C1[O-])C=[NH+]CS(=O)(=O)C)CF,/user/mahaohui/IMG2SMILES/collect_NCBI/example_pictures/d2e74ae5caa796d2d58b/segments/page_2_bnw_5.png,d2e74ae5caa796d2d58b
205728c9-9ec6-4e90-85f8-cd366ff95af9,C[C@H](C1=CC=CC=C1)N,/user/mahaohui/IMG2SMILES/collect_NCBI/example_pictures/d2e74ae5caa796d2d58b/segments/page_2_bnw_1.png,d2e74ae5caa796d2d58b
7171653e-2f01-49cd-95f3-11f261585102,C[C@H](C1=CC=CC=C1)N,/user/mahaohui/IMG2SMILES/collect_NCBI/example_pictures/d2e74ae5caa796d2d58b/segments/page_2_bnw_3.png,d2e74ae5caa796d2d58b
6a093667-e65c-4e53-86d4-c2e87a56653e,CC1=NC=C(C(=C1OC)C=[NH+]CS(=O)(=O)C)CC(C)C.C[C@@H](C(=O)[O-])N,/user/mahaohui/IMG2SMILES/collect_NCBI/example_pictures/d2e74ae5caa796d2d58b/segments/page_3_bnw_4.png,d2e74ae5caa796d2d58b
43518552-a836-4d4a-9331-f92b0d7f4af1,CCCCCCCC[N+](=CC1=C(C(=[NH+]C=C1COP(=O)([O-])[O-])C)[O-])CCCCCCC,/user/mahaohui/IMG2SMILES/collect_NCBI/example_pictures/d9649fa348cec77bd9a0/segments/page_3_bnw_0.png,d9649fa348cec77bd9a0
8db73107-ced0-478f-a8f9-e03f9a98c5cf,CC1=[NH+]C=C(COP(=O)(=O)=O)C(=C1[O-])CN=C(C(=O)[O-])[R],/user/mahaohui/IMG2SMILES/collect_NCBI/example_pictures/d9649fa348cec77bd9a0/segments/page_3_bnw_3.png,d9649fa348cec77bd9a0
3b70dc09-6de1-449f-b500-96844be4f5a3,CC1CC(C(C(O1)O[Si](C(C)C)(C(C)C)C(C)C)O)N,/user/mahaohui/IMG2SMILES/collect_NCBI/example_pictures/d9649fa348cec77bd9a0/segments/page_2_bnw_0.png,d9649fa348cec77bd9a0
7ec2dd21-cedd-4971-8ec6-e3ca3e4e51dd,CC1[C@@H](C(C([C@H](O1)OCOC2=C(C=CC=C2C)C(C)C)O)O)N,/user/mahaohui/IMG2SMILES/collect_NCBI/example_pictures/d9649fa348cec77bd9a0/segments/page_7_bnw_1.png,d9649fa348cec77bd9a0
275b4b5c-d6a2-4d7c-a262-5c5a946ceb51,CC1[C@@H](C(C([C@@H](O1)OCOCC2=CC=CC=C2)NC(=O)C)O)C=O,/user/mahaohui/IMG2SMILES/collect_NCBI/example_pictures/d9649fa348cec77bd9a0/segments/page_7_bnw_0.png,d9649fa348cec77bd9a0
2f84bf0f-6011-41a1-b35b-1dff5edbb9f5,CC1[C@@H](C(C([C@H](O1)OCOC(C)(C)C)O)O)N,/user/mahaohui/IMG2SMILES/collect_NCBI/example_pictures/d9649fa348cec77bd9a0/segments/page_7_bnw_5.png,d9649fa348cec77bd9a0
1375dd75-9a70-4f18-8a6a-4015307d3f57,CC(=O)NC1(C([C@H]2C(=O)C1OC23CCCCO3)O)NC(=O)C,/user/mahaohui/IMG2SMILES/collect_NCBI/example_pictures/d9649fa348cec77bd9a0/segments/page_7_bnw_6.png,d9649fa348cec77bd9a0
8bf85c9a-743b-433d-97eb-6d30965462ea,CC1=[NH+]C=C(COP(=O)=O)C(=C1OI)C=[N+]([X]([H])(C(=O)[O-])[R])[S-].C(CC1CC1)CN,/user/mahaohui/IMG2SMILES/collect_NCBI/example_pictures/d9649fa348cec77bd9a0/segments/page_3_bnw_2.png,d9649fa348cec77bd9a0
30372f37-f090-47a9-8a7a-78702bc9b5fb,CC(C)[Si](C(C)C)(C(C)C)O[C@H]1C(C([C@H](C(O1)CO)O)O)O,/user/mahaohui/IMG2SMILES/collect_NCBI/example_pictures/d9649fa348cec77bd9a0/segments/page_2_bnw_4.png,d9649fa348cec77bd9a0
afce704d-9bf6-4118-8323-66b91fb3fc73,C(C1[C@@H](C(C([C@H](O1)OP(=O)=O)O)O)O)O,/user/mahaohui/IMG2SMILES/collect_NCBI/example_pictures/d9649fa348cec77bd9a0/segments/page_2_bnw_6.png,d9649fa348cec77bd9a0
944f759d-2d75-4f9c-ac37-b050566fa0ba,CC1C(=O)C(C([C@H](O1)OS(=O)(=O)C2=CC=CC3=C2C=CC=C3N(C)C)O)O,/user/mahaohui/IMG2SMILES/collect_NCBI/example_pictures/d9649fa348cec77bd9a0/segments/page_7_bnw_2.png,d9649fa348cec77bd9a0
c2a5eb25-c4e4-46ca-8a14-6be668005c5b,CC1[C@@H]2C(C([C@H](O1)OC2(C)C)O)N,/user/mahaohui/IMG2SMILES/collect_NCBI/example_pictures/d9649fa348cec77bd9a0/segments/page_7_bnw_3.png,d9649fa348cec77bd9a0
62c059d3-db69-41f8-b61e-b5683d77ec82,C#CCCC[NH3+],/user/mahaohui/IMG2SMILES/collect_NCBI/example_pictures/d9649fa348cec77bd9a0/segments/page_3_bnw_5.png,d9649fa348cec77bd9a0
01932a61-22ca-43da-9ee0-66f8ace566b7,CC1[C@@H]2C(C([C@H](O1)O[Si](C(C)C)(C(C)C)C(C)C)O)N(C2)C,/user/mahaohui/IMG2SMILES/collect_NCBI/example_pictures/d9649fa348cec77bd9a0/segments/page_2_bnw_2.png,d9649fa348cec77bd9a0
7dc4bafa-d431-4ab9-aa83-a2ba7b801a5a,[3H]N([3H])CC1=C(C(=[NH+]C=C1COP(=O)([O-])[O-])C)[O-].C(C[NH3+])C[NH3+],/user/mahaohui/IMG2SMILES/collect_NCBI/example_pictures/d9649fa348cec77bd9a0/segments/page_3_bnw_1.png,d9649fa348cec77bd9a0
cf68929b-16d7-41a8-a519-fa116adeb191,CC(=O)NC1(C([C@H](C(O[C@H]1OCOC2=C(C=CC=C2)C(=C)C)C)N)O)NC(=O)C,/user/mahaohui/IMG2SMILES/collect_NCBI/example_pictures/d9649fa348cec77bd9a0/segments/page_7_bnw_4.png,d9649fa348cec77bd9a0
7947ce40-8e69-4c41-b504-391e5431a516,CC1C(=O)C(C([C@H](O1)O[Si](C(C)C)(C(C)C)C(C)C)O)O,/user/mahaohui/IMG2SMILES/collect_NCBI/example_pictures/d9649fa348cec77bd9a0/segments/page_2_bnw_5.png,d9649fa348cec77bd9a0
4ac455c7-4a93-4c78-9bb4-8384b63522c8,CC1[C@@H]2C(C(=O)[C@@H](O1)C(O2)O[Si](C(C)C)(C(C)C)C(C)C)O,/user/mahaohui/IMG2SMILES/collect_NCBI/example_pictures/d9649fa348cec77bd9a0/segments/page_2_bnw_1.png,d9649fa348cec77bd9a0
b8d46db8-b359-4dd4-a39e-50760aba9abb,CC1[C@@H](C(C([C@H](O1)O[Si](C(C)C)(C(C)C)C(C)C)O)O)N,/user/mahaohui/IMG2SMILES/collect_NCBI/example_pictures/d9649fa348cec77bd9a0/segments/page_2_bnw_3.png,d9649fa348cec77bd9a0
e0653744-ee8c-4946-a44f-1892f345aab5,CC1[C@@H]2C(O[C@H](O1)C(C2=O)O)C(C)C,/user/mahaohui/IMG2SMILES/collect_NCBI/example_pictures/d9649fa348cec77bd9a0/segments/page_7_bnw_7.png,d9649fa348cec77bd9a0
cad2a29a-7ec7-475a-b5a1-ac68b1a99e69,C(CS)C(C(=O)O)N,/user/mahaohui/IMG2SMILES/collect_NCBI/example_pictures/ceec22890651405555d6/segments/page_6_bnw_1.png,ceec22890651405555d6
bb21c669-c005-435e-a88b-0fbaffd213ba,C(C(=O)O)N,/user/mahaohui/IMG2SMILES/collect_NCBI/example_pictures/ceec22890651405555d6/segments/page_15_bnw_4.png,ceec22890651405555d6
73f28a8a-5cf5-4d9e-b9ef-a92e4414391d,CC1=NC=C(C(=C1O)CN)COP(=O)(O)O.[Al],/user/mahaohui/IMG2SMILES/collect_NCBI/example_pictures/ceec22890651405555d6/segments/page_4_bnw_5.png,ceec22890651405555d6
9f09e794-3f99-42ac-8e4f-5f5f2864fd00,C1C(NC2=C(N1)N=C(N=C2O)N)CNC3=CC=C(C=C3)C(=O)NC(CCC(=O)O)C(=O)O,/user/mahaohui/IMG2SMILES/collect_NCBI/example_pictures/ceec22890651405555d6/segments/page_15_bnw_0.png,ceec22890651405555d6
55f3a0c3-8a1d-44d6-8f68-3f2c4ee17371,C1=CC2=C(C=C1)NC=C2CC(C(=O)O)N,/user/mahaohui/IMG2SMILES/collect_NCBI/example_pictures/ceec22890651405555d6/segments/page_5_bnw_3.png,ceec22890651405555d6
820767b9-5cf2-4fd2-9694-4eb006ee917a,C(C(=O)O)N,/user/mahaohui/IMG2SMILES/collect_NCBI/example_pictures/ceec22890651405555d6/segments/page_15_bnw_3.png,ceec22890651405555d6
2d1f2671-3c3f-4169-b362-8be134add694,CC(C)(C(=O)[O-])[R],/user/mahaohui/IMG2SMILES/collect_NCBI/example_pictures/ceec22890651405555d6/segments/page_16_bnw_1.png,ceec22890651405555d6
2d7826da-8b97-40ac-beed-06794c6ee763,CC1=NC=C(C(=C1O)CO)COP(=O)(O)O,/user/mahaohui/IMG2SMILES/collect_NCBI/example_pictures/ceec22890651405555d6/segments/page_4_bnw_3.png,ceec22890651405555d6
45828a14-eb66-47c1-863f-e703c01bc1f9,C(=O)(C(=O)[R2])[O-],/user/mahaohui/IMG2SMILES/collect_NCBI/example_pictures/ceec22890651405555d6/segments/page_16_bnw_2.png,ceec22890651405555d6
d580ff6f-c22f-4fb3-9d6e-d133a5d6fa36,C1C2CN(CN2C3=C(N1)NC(=NC3=O)N)C4=CC=C(C=C4)C(=O)NC(CCC(=O)O)C(=O)O,/user/mahaohui/IMG2SMILES/collect_NCBI/example_pictures/ceec22890651405555d6/segments/page_15_bnw_2.png,ceec22890651405555d6
5c7acce4-3bc3-4fa1-a654-c83580ee4341,CC(C)(C(=O)[O-])[R],/user/mahaohui/IMG2SMILES/collect_NCBI/example_pictures/ceec22890651405555d6/segments/page_16_bnw_0.png,ceec22890651405555d6
a80d44bc-d9e7-4b23-8b13-0af3bbb16919,C1=CC(=C(C=C1)NC=O)C(=O)CC(C(=O)O)N,/user/mahaohui/IMG2SMILES/collect_NCBI/example_pictures/ceec22890651405555d6/segments/page_5_bnw_4.png,ceec22890651405555d6
314e28b4-2c37-4ab0-880a-70918e437e43,C1=CC(=C2C(=C1)C(=CC(=N2)C(=O)O)O)O,/user/mahaohui/IMG2SMILES/collect_NCBI/example_pictures/ceec22890651405555d6/segments/page_5_bnw_0.png,ceec22890651405555d6
da1bb430-bfb5-4922-933a-2c755918cffa,CC1=NC=C(C(=C1O)CN)CO,/user/mahaohui/IMG2SMILES/collect_NCBI/example_pictures/ceec22890651405555d6/segments/page_4_bnw_2.png,ceec22890651405555d6
704dbaef-b813-431f-818f-04aa995aafe4,C(C(C(=O)O)N)S,/user/mahaohui/IMG2SMILES/collect_NCBI/example_pictures/ceec22890651405555d6/segments/page_6_bnw_2.png,ceec22890651405555d6
f57c377d-91c9-4977-9f3a-0140d51d2b3d,C(CSCC(C(=O)O)N)C(C(=O)O)N,/user/mahaohui/IMG2SMILES/collect_NCBI/example_pictures/ceec22890651405555d6/segments/page_6_bnw_0.png,ceec22890651405555d6
71ec8b99-e51f-4123-8aa4-2bc81d49b656,C1=CC(=C(C(=C1)O)N)C(=O)CC(C(=O)O)N,/user/mahaohui/IMG2SMILES/collect_NCBI/example_pictures/ceec22890651405555d6/segments/page_5_bnw_7.png,ceec22890651405555d6
421f99a4-a246-4215-a514-2479a2f686e7,C1=CC=C(C=C1)N.C(C(C(=O)O)N)C(=O)C1=CC=CC=C1,/user/mahaohui/IMG2SMILES/collect_NCBI/example_pictures/ceec22890651405555d6/segments/page_5_bnw_5.png,ceec22890651405555d6
9fc7685a-10d7-45eb-942e-c640f19c99e4,C(C(C(=O)O)N)O,/user/mahaohui/IMG2SMILES/collect_NCBI/example_pictures/ceec22890651405555d6/segments/page_15_bnw_1.png,ceec22890651405555d6
35e9df71-2c26-4128-a81b-54c782d0ab00,C1=CC(=C(C(=C1)O)N)C(=O)O,/user/mahaohui/IMG2SMILES/collect_NCBI/example_pictures/ceec22890651405555d6/segments/page_5_bnw_6.png,ceec22890651405555d6
b6655050-7c32-48a5-be8f-283774052e94,C1=CC2=C(C=C1)N=C(C=C2O)C(=O)O,/user/mahaohui/IMG2SMILES/collect_NCBI/example_pictures/ceec22890651405555d6/segments/page_5_bnw_2.png,ceec22890651405555d6
daf28e72-dae2-404e-9911-8689f22c9ba5,CC1=NC=C(C(=C1O)C(=O)O)CO,/user/mahaohui/IMG2SMILES/collect_NCBI/example_pictures/ceec22890651405555d6/segments/page_4_bnw_1.png,ceec22890651405555d6
c5107703-3f71-458f-9b52-11ace8d24392,[H][C@]([2H])(C1=C(C(=NC=C1COP(=O)(O)O)C)O)C(=O)[2H],/user/mahaohui/IMG2SMILES/collect_NCBI/example_pictures/ceec22890651405555d6/segments/page_4_bnw_6.png,ceec22890651405555d6
ccb4892f-f057-4e5f-86a7-40a71ec418fa,C1=CC(=C(N=C1)C(=O)O)C(=O)O,/user/mahaohui/IMG2SMILES/collect_NCBI/example_pictures/ceec22890651405555d6/segments/page_5_bnw_1.png,ceec22890651405555d6
f6c26980-327d-4b47-89eb-3b977e97e4e8,[H][C@]([2H])(C1=C(C(=NC=C1CO)C)O)C(=O)[2H],/user/mahaohui/IMG2SMILES/collect_NCBI/example_pictures/ceec22890651405555d6/segments/page_4_bnw_4.png,ceec22890651405555d6
5640bfb9-f153-4384-8fac-5c5796559fd0,CC1=NC=C(C(=C1O)CO)CO,/user/mahaohui/IMG2SMILES/collect_NCBI/example_pictures/ceec22890651405555d6/segments/page_4_bnw_0.png,ceec22890651405555d6
14dd4ecd-ff58-4bea-92e9-b0cb64d431f4,C1=CC(=C(C=C1)N)C(=O)O,/user/mahaohui/IMG2SMILES/collect_NCBI/example_pictures/ceec22890651405555d6/segments/page_5_bnw_8.png,ceec22890651405555d6
1b7aa514-63b0-454d-86d2-8d1e3cad11d1,C1=CC=C(C(=C1)CN)C(=O)O,/user/mahaohui/IMG2SMILES/collect_NCBI/example_pictures/ca8cb73e017bec4b34d5/segments/page_7_bnw_8.png,ca8cb73e017bec4b34d5
6a171952-903b-402b-978b-3eafaaca9a9a,C1=CC=C2C(=C1)C=C(N2)CN,/user/mahaohui/IMG2SMILES/collect_NCBI/example_pictures/ca8cb73e017bec4b34d5/segments/page_7_bnw_22.png,ca8cb73e017bec4b34d5
c61befca-7217-43a5-a653-86d03eb7b0ab,C1=CC(=C(C=C1)C#N)CN,/user/mahaohui/IMG2SMILES/collect_NCBI/example_pictures/ca8cb73e017bec4b34d5/segments/page_7_bnw_16.png,ca8cb73e017bec4b34d5
ce07fc33-878e-4117-91ce-d36be31b3376,C(CCN)CCN,/user/mahaohui/IMG2SMILES/collect_NCBI/example_pictures/ca8cb73e017bec4b34d5/segments/page_7_bnw_38.png,ca8cb73e017bec4b34d5
cdad6aa1-5738-4a84-bb6e-7f004dafa6f2,C1=C[X](=CC=C1)I(C(=O)I)[R],/user/mahaohui/IMG2SMILES/collect_NCBI/example_pictures/ca8cb73e017bec4b34d5/segments/page_2_bnw_0.png,ca8cb73e017bec4b34d5
0a1da7f8-240e-49a2-82c2-934d9b4e50a8,COC1=C(C=CC=C1)CN,/user/mahaohui/IMG2SMILES/collect_NCBI/example_pictures/ca8cb73e017bec4b34d5/segments/page_7_bnw_14.png,ca8cb73e017bec4b34d5
80cc2ce1-8893-46d2-a4c8-e28d315c299d,C1=CC(=CC(=C1)C#N)CN,/user/mahaohui/IMG2SMILES/collect_NCBI/example_pictures/ca8cb73e017bec4b34d5/segments/page_7_bnw_9.png,ca8cb73e017bec4b34d5
3863513a-59bf-4a49-acb8-c6e3b33141c7,COC1=CC=CC(=C1)CN,/user/mahaohui/IMG2SMILES/collect_NCBI/example_pictures/ca8cb73e017bec4b34d5/segments/page_7_bnw_28.png,ca8cb73e017bec4b34d5
0a936fc7-4276-44e7-a2b8-da20e1ef419c,COC1=CC=C(C=N1)CN,/user/mahaohui/IMG2SMILES/collect_NCBI/example_pictures/ca8cb73e017bec4b34d5/segments/page_7_bnw_1.png,ca8cb73e017bec4b34d5
eb146d06-bb3b-4b3c-9ae1-bb4dcd428aef,C1=CC(=CC=C1CN)C(=O)O,/user/mahaohui/IMG2SMILES/collect_NCBI/example_pictures/ca8cb73e017bec4b34d5/segments/page_7_bnw_0.png,ca8cb73e017bec4b34d5
9bf48a4b-acec-4c4f-a3df-ce8a3affb8a1,CC(C1=CC(=CC=C1)C(=O)O)N,/user/mahaohui/IMG2SMILES/collect_NCBI/example_pictures/ca8cb73e017bec4b34d5/segments/page_7_bnw_5.png,ca8cb73e017bec4b34d5
647e7fb3-fee4-4adf-89b6-482331216092,COC1=CC=CC(=C1OC)CN,/user/mahaohui/IMG2SMILES/collect_NCBI/example_pictures/ca8cb73e017bec4b34d5/segments/page_7_bnw_11.png,ca8cb73e017bec4b34d5
80ebe249-e3a3-4c5d-860d-f6111feee4e3,[3H]C([NH3+])[R1],/user/mahaohui/IMG2SMILES/collect_NCBI/example_pictures/ca8cb73e017bec4b34d5/segments/page_7_bnw_29.png,ca8cb73e017bec4b34d5
fe0dde4c-6a4a-4f10-a7a1-6db947445a1c,C1OC2=CC=CC(=C2O1)CN,/user/mahaohui/IMG2SMILES/collect_NCBI/example_pictures/ca8cb73e017bec4b34d5/segments/page_7_bnw_19.png,ca8cb73e017bec4b34d5
0005c3a6-1cae-4492-a471-bc0ecef7f13f,C1=CC(=CC=C1C[NH])F,/user/mahaohui/IMG2SMILES/collect_NCBI/example_pictures/ca8cb73e017bec4b34d5/segments/page_7_bnw_15.png,ca8cb73e017bec4b34d5
7f371397-50b5-4ed7-b324-84241edd5f92,C1=CC(=C(C=C1)C(F)(F)F)CN,/user/mahaohui/IMG2SMILES/collect_NCBI/example_pictures/ca8cb73e017bec4b34d5/segments/page_7_bnw_6.png,ca8cb73e017bec4b34d5
e151d2ab-479d-4ed0-a3f5-11fb355e243a,C1=C(SC(=C1)C(=O)O)CN,/user/mahaohui/IMG2SMILES/collect_NCBI/example_pictures/ca8cb73e017bec4b34d5/segments/page_7_bnw_23.png,ca8cb73e017bec4b34d5
9fa8f78d-eecf-4eed-ae13-f778a96cc34d,CNC1=CC=C(O1)CN,/user/mahaohui/IMG2SMILES/collect_NCBI/example_pictures/ca8cb73e017bec4b34d5/segments/page_7_bnw_30.png,ca8cb73e017bec4b34d5
9116ad54-142c-43f5-8090-cda533fd8424,C1=CC=[X](C=C1)C(CN)[R],/user/mahaohui/IMG2SMILES/collect_NCBI/example_pictures/ca8cb73e017bec4b34d5/segments/page_2_bnw_4.png,ca8cb73e017bec4b34d5
3c0227b7-4867-4313-9c6b-b21213c5a60d,C1=CC(=CC(=C1)F)CN,/user/mahaohui/IMG2SMILES/collect_NCBI/example_pictures/ca8cb73e017bec4b34d5/segments/page_7_bnw_2.png,ca8cb73e017bec4b34d5
bd64570d-d0c5-4226-961c-040e89ed5d08,COC1=CC(=CC(=C1)CN)OC,/user/mahaohui/IMG2SMILES/collect_NCBI/example_pictures/ca8cb73e017bec4b34d5/segments/page_7_bnw_3.png,ca8cb73e017bec4b34d5
2e6fcc9e-e837-4f58-ae03-befcf8207842,C1=C(SC(=C1)Cl)CN,/user/mahaohui/IMG2SMILES/collect_NCBI/example_pictures/ca8cb73e017bec4b34d5/segments/page_7_bnw_32.png,ca8cb73e017bec4b34d5
f7d830f1-8f58-49c7-a2e7-f34a0a80ab6f,COC1=C(C=CC=N1)CN,/user/mahaohui/IMG2SMILES/collect_NCBI/example_pictures/ca8cb73e017bec4b34d5/segments/page_7_bnw_25.png,ca8cb73e017bec4b34d5
7040c7d4-cfe7-41e4-9554-193fb2ac528d,C1=CC(=CC=C1CN)C#N,/user/mahaohui/IMG2SMILES/collect_NCBI/example_pictures/ca8cb73e017bec4b34d5/segments/page_7_bnw_17.png,ca8cb73e017bec4b34d5
89d0ac20-27ce-4291-a3e6-7b9a51fe9fed,CC(C1=NC(=CC=C1)C(=O)O)N,/user/mahaohui/IMG2SMILES/collect_NCBI/example_pictures/ca8cb73e017bec4b34d5/segments/page_7_bnw_13.png,ca8cb73e017bec4b34d5
de921206-ca13-4e72-a46f-d1bc2b274da6,C1=CC=[X](C=C1)C(/C(=N/O[R])/[R])[R],/user/mahaohui/IMG2SMILES/collect_NCBI/example_pictures/ca8cb73e017bec4b34d5/segments/page_2_bnw_2.png,ca8cb73e017bec4b34d5
e9357853-8ae3-4ea2-9ae9-4830be182e29,C(N)([R14])[R],/user/mahaohui/IMG2SMILES/collect_NCBI/example_pictures/ca8cb73e017bec4b34d5/segments/page_7_bnw_37.png,ca8cb73e017bec4b34d5
7cc54c20-5307-4def-ac3f-3aac4d3380f1,CC(C1=CC=C(C=C1)C(=O)O)N,/user/mahaohui/IMG2SMILES/collect_NCBI/example_pictures/ca8cb73e017bec4b34d5/segments/page_7_bnw_4.png,ca8cb73e017bec4b34d5
89f608d6-c86d-4179-a34c-594393270a7c,C1=CC=C2C(=C1)C=C(C=N2)CN,/user/mahaohui/IMG2SMILES/collect_NCBI/example_pictures/ca8cb73e017bec4b34d5/segments/page_7_bnw_18.png,ca8cb73e017bec4b34d5
000286ae-641f-4b0f-a796-adffa372ce3b,C1=CC(=CC=C1CN)[N+](=O)[O-],/user/mahaohui/IMG2SMILES/collect_NCBI/example_pictures/ca8cb73e017bec4b34d5/segments/page_7_bnw_12.png,ca8cb73e017bec4b34d5
e3dd46e2-0887-4c43-9a49-6389d657b145,C1=C[X](=CC=C1)C(=O)[R],/user/mahaohui/IMG2SMILES/collect_NCBI/example_pictures/ca8cb73e017bec4b34d5/segments/page_2_bnw_1.png,ca8cb73e017bec4b34d5
957a4ab7-1e3c-438c-87aa-f7caf30107e1,C1=CC=[X](C=C1)C(CO)[R],/user/mahaohui/IMG2SMILES/collect_NCBI/example_pictures/ca8cb73e017bec4b34d5/segments/page_2_bnw_3.png,ca8cb73e017bec4b34d5
24c44696-628e-42e7-bbf1-1997dc34f457,C1=CC(=CC=C1CN)Cl,/user/mahaohui/IMG2SMILES/collect_NCBI/example_pictures/ca8cb73e017bec4b34d5/segments/page_7_bnw_26.png,ca8cb73e017bec4b34d5
2c5df9f4-076a-401f-ab1d-07429f839c5a,C1=CC(=C(C=C1C[NH])F)F,/user/mahaohui/IMG2SMILES/collect_NCBI/example_pictures/ca8cb73e017bec4b34d5/segments/page_7_bnw_20.png,ca8cb73e017bec4b34d5
d7c746e3-b382-4cfe-a706-d77e645baefe,C1=C(C=C(C=C1Br)Br)CN,/user/mahaohui/IMG2SMILES/collect_NCBI/example_pictures/ca8cb73e017bec4b34d5/segments/page_7_bnw_24.png,ca8cb73e017bec4b34d5
89de7324-1dbc-4394-829d-de567b4c7326,COC1=CC(=C(C=C1)CN)OC,/user/mahaohui/IMG2SMILES/collect_NCBI/example_pictures/ca8cb73e017bec4b34d5/segments/page_7_bnw_7.png,ca8cb73e017bec4b34d5
c64a47bd-26a7-4a4e-8bb9-ac7b2325163f,C1=CC(=CC(=C1)[N+](=O)[O-])CN,/user/mahaohui/IMG2SMILES/collect_NCBI/example_pictures/ca8cb73e017bec4b34d5/segments/page_7_bnw_10.png,ca8cb73e017bec4b34d5
8e07b396-a82e-4710-9cff-e92cc3a458c8,C1=CC(=CC(=C1)Cl)CN,/user/mahaohui/IMG2SMILES/collect_NCBI/example_pictures/ca8cb73e017bec4b34d5/segments/page_7_bnw_27.png,ca8cb73e017bec4b34d5
69890035-e695-4bd5-a9df-d882516c6374,C(CC(=O)O)C(=O)[13C](=O)O,/user/mahaohui/IMG2SMILES/collect_NCBI/example_pictures/d23d3b2ec98eec235b03/segments/page_7_bnw_1.png,d23d3b2ec98eec235b03
2ebfcf1e-89ae-4a62-b932-8dca2bf09ea5,C1CCCCC1.C(CC(=O)O)C([14C](=O)O)O,/user/mahaohui/IMG2SMILES/collect_NCBI/example_pictures/d23d3b2ec98eec235b03/segments/page_7_bnw_0.png,d23d3b2ec98eec235b03
54c21120-8080-454c-9553-85f04f09d97c,C(CC(=O)O)C([13C](=O)O)N,/user/mahaohui/IMG2SMILES/collect_NCBI/example_pictures/d23d3b2ec98eec235b03/segments/page_7_bnw_2.png,d23d3b2ec98eec235b03
61820cd2-0e3a-4e5c-8237-ec4acb4a7c09,C(C(C(=O)O)[NH3+])C(=O)[O-],/user/mahaohui/IMG2SMILES/collect_NCBI/example_pictures/da569c97cc3cb686a19b/segments/page_2_bnw_0.png,da569c97cc3cb686a19b
2d7f7df7-9e3d-444a-9ae0-50509aaf3a58,C(=C\C(=O)[O])\C(=O)O,/user/mahaohui/IMG2SMILES/collect_NCBI/example_pictures/da569c97cc3cb686a19b/segments/page_2_bnw_2.png,da569c97cc3cb686a19b
a443b53f-972f-41d7-9111-de03c44dcd69,C1=CC=C(C=C1)CC(C(=O)[O-])[NH3+],/user/mahaohui/IMG2SMILES/collect_NCBI/example_pictures/da569c97cc3cb686a19b/segments/page_2_bnw_1.png,da569c97cc3cb686a19b
969f167b-a18f-4069-8772-2a4dce9eab73,C1=CC=C(C=C1)CCC(=O)[O-],/user/mahaohui/IMG2SMILES/collect_NCBI/example_pictures/da569c97cc3cb686a19b/segments/page_2_bnw_3.png,da569c97cc3cb686a19b
2d7edc42-79ce-4c1f-bb53-b57cef59adfb,CCCCCCCCC1CC(C(CC(CC(C(CC1CCCCC)CCCCCCCC)CCCCCCCC)CCCCCCCC)CCCCCCCC)CCCCCCCC,/user/mahaohui/IMG2SMILES/collect_NCBI/example_pictures/da569c97cc3cb686a19b/segments/page_4_bnw_0.png,da569c97cc3cb686a19b
75f48753-3e49-44f6-9965-ef5f7926b8a3,CN1CCCC(CCC1)C2=C(C=CC=C2)/C=C\C3=C(C=CC=C3)[X13],/user/mahaohui/IMG2SMILES/collect_NCBI/example_pictures/cc14178d73a35fc84f3a/segments/page_1_bnw_0.png,cc14178d73a35fc84f3a
5d639cdb-62fa-47de-809a-5e16a26a06c9,C1=CC2=C(C=C1)SC3=C(C=C(C=C3)[R])N2[R],/user/mahaohui/IMG2SMILES/collect_NCBI/example_pictures/cc14178d73a35fc84f3a/segments/page_1_bnw_1.png,cc14178d73a35fc84f3a
204b9c48-6b9e-416e-b1a4-acb52939bd55,C(CC(=O)[O-])C(=O)C(=O)[O-],/user/mahaohui/IMG2SMILES/collect_NCBI/example_pictures/d48511c8b2f8fdc19e0b/segments/page_3_bnw_0.png,d48511c8b2f8fdc19e0b
ddf8f950-87f6-4be2-9d51-58e1aa351136,C(CC(=O)[O-])[C@@H](C(=O)[O-])[NH][H],/user/mahaohui/IMG2SMILES/collect_NCBI/example_pictures/d48511c8b2f8fdc19e0b/segments/page_3_bnw_3.png,d48511c8b2f8fdc19e0b
826ea70f-ef6b-4afe-8de6-9ebd2fe78aa0,CC[C@H](C)C(=O)C(=O)[O-],/user/mahaohui/IMG2SMILES/collect_NCBI/example_pictures/d48511c8b2f8fdc19e0b/segments/page_3_bnw_2.png,d48511c8b2f8fdc19e0b
a222cb59-36ba-40b1-bc0c-b3393db8e490,[11CH3]C[C@H]([CH2])[C@@H](C(=O)[O-])[NH][11CH3],/user/mahaohui/IMG2SMILES/collect_NCBI/example_pictures/d48511c8b2f8fdc19e0b/segments/page_3_bnw_1.png,d48511c8b2f8fdc19e0b
a665ffff-ead9-404d-95c8-0eefdfa6647b,C(N[Z])([R])[Z2],/user/mahaohui/IMG2SMILES/collect_NCBI/example_pictures/dir00a2b60e72f76ae7c66db/segments/page_5_bnw_3.png,dir00a2b60e72f76ae7c66db
1badda7f-8e63-49be-a814-3b6f26904e03,C(=O)(OO)[R3],/user/mahaohui/IMG2SMILES/collect_NCBI/example_pictures/dir00a2b60e72f76ae7c66db/segments/page_4_bnw_3.png,dir00a2b60e72f76ae7c66db
adf883ef-67e6-4a7d-b1bc-a8c05a061f22,C(=O)(OO)[R17],/user/mahaohui/IMG2SMILES/collect_NCBI/example_pictures/dir00a2b60e72f76ae7c66db/segments/page_5_bnw_0.png,dir00a2b60e72f76ae7c66db
60620d20-facb-4926-9b3e-302500a434df,C1=CC=C(C(=C1)C(=O)[R4])[R4],/user/mahaohui/IMG2SMILES/collect_NCBI/example_pictures/dir00a2b60e72f76ae7c66db/segments/page_4_bnw_2.png,dir00a2b60e72f76ae7c66db
892ff61a-43fd-4441-90e2-08712155be61,C1=CC=C(C(=C1)[C@@H](N)[R1])[R2],/user/mahaohui/IMG2SMILES/collect_NCBI/example_pictures/dir00a2b60e72f76ae7c66db/segments/page_4_bnw_1.png,dir00a2b60e72f76ae7c66db
3bf8f2ef-dfb1-4fc1-aaea-e362ba85a62b,[C@H](C(=O)O)(N)[R3],/user/mahaohui/IMG2SMILES/collect_NCBI/example_pictures/dir00a2b60e72f76ae7c66db/segments/page_5_bnw_1.png,dir00a2b60e72f76ae7c66db
fd8e140e-384d-41ae-afac-dff45918db65,C1=CC=C(C(=C1)C(N)[R1])[R2],/user/mahaohui/IMG2SMILES/collect_NCBI/example_pictures/dir00a2b60e72f76ae7c66db/segments/page_4_bnw_0.png,dir00a2b60e72f76ae7c66db
d14dcea9-becd-4132-b130-6aefef528705,C1=C(C=CC(=C1)[R1])C(=O)CCC(=O)[R],/user/mahaohui/IMG2SMILES/collect_NCBI/example_pictures/d940d013698b98274d4e/segments/page_3_bnw_0.png,d940d013698b98274d4e
aa759a73-2c36-4f96-bc7a-e4587ea309ad,C1=CC(=CC=C1C2=N[C@H](CC2)[R])[R1],/user/mahaohui/IMG2SMILES/collect_NCBI/example_pictures/d940d013698b98274d4e/segments/page_3_bnw_3.png,d940d013698b98274d4e
ab8d5418-b55a-43e9-9797-f8553b747c37,C[C@@H](CCC(=O)[Pb])N.CC(=O)CCC(=O)[Pb].O,/user/mahaohui/IMG2SMILES/collect_NCBI/example_pictures/d940d013698b98274d4e/segments/page_2_bnw_0.png,d940d013698b98274d4e
5a5f1604-a626-43c8-9186-4787ad772c80,CC(CC(=O)[R1])C(=O)[R9],/user/mahaohui/IMG2SMILES/collect_NCBI/example_pictures/d940d013698b98274d4e/segments/page_1_bnw_0.png,d940d013698b98274d4e
f396abd6-e186-4fb8-9b9b-e69c0ca2d987,C(CC(=O)[R])C(=O)[R6],/user/mahaohui/IMG2SMILES/collect_NCBI/example_pictures/d940d013698b98274d4e/segments/page_5_bnw_0.png,d940d013698b98274d4e
1c52ddc3-281a-4bb8-96d3-6c5097fb43ba,C1=C(C=CC(=C1)[R4])[C@H]2CC[C@@H](N2)[R].C1=CC(=CC=C1C2=N[C@H](CC2)[R])[R4].[B][B],/user/mahaohui/IMG2SMILES/collect_NCBI/example_pictures/d940d013698b98274d4e/segments/page_3_bnw_2.png,d940d013698b98274d4e
b6d2e191-20e7-45aa-becd-fb39bb69e8cf,CCCC1=N[C@H](CC1)C,/user/mahaohui/IMG2SMILES/collect_NCBI/example_pictures/d940d013698b98274d4e/segments/page_2_bnw_4.png,d940d013698b98274d4e
4ae1adf0-1d11-41d9-a003-ac4e90c508dc,C[C@H]1CC[C@@H](N1)C2=CC=CC=C2,/user/mahaohui/IMG2SMILES/collect_NCBI/example_pictures/d940d013698b98274d4e/segments/page_2_bnw_6.png,d940d013698b98274d4e
5b4b4c74-ab45-4907-ae8b-1db93e8f4e56,C[C@H](CCC(=O)[Pb])N.C1CC(=N[C@@H]1CO)[Pb],/user/mahaohui/IMG2SMILES/collect_NCBI/example_pictures/d940d013698b98274d4e/segments/page_2_bnw_10.png,d940d013698b98274d4e
de111b7f-2c34-472e-9033-27749a9882d0,CC(=O)CCC(=O)CC1=CC=C(C=C1)N,/user/mahaohui/IMG2SMILES/collect_NCBI/example_pictures/d940d013698b98274d4e/segments/page_2_bnw_2.png,d940d013698b98274d4e
95468aa4-0759-4e81-b146-26a0efa1196c,C1=C(C=CC(=C1)[R4])[C@H]2CC[C@@H](N2)[R].C1=CC(=CC=C1C2=N[C@H](CC2)[R])[R4].[B][B],/user/mahaohui/IMG2SMILES/collect_NCBI/example_pictures/d940d013698b98274d4e/segments/page_3_bnw_1.png,d940d013698b98274d4e
084cd29c-746f-4be0-93c9-6b41ac26fdbb,C[C@@H](CCC(=O)[Pb])N.CC(=O)CCC(=O)[Pb].O,/user/mahaohui/IMG2SMILES/collect_NCBI/example_pictures/d940d013698b98274d4e/segments/page_2_bnw_5.png,d940d013698b98274d4e
cdcbfed3-c753-45e3-bdb1-14ee69773686,CC(=O)CCC(=O)[In],/user/mahaohui/IMG2SMILES/collect_NCBI/example_pictures/d940d013698b98274d4e/segments/page_2_bnw_1.png,d940d013698b98274d4e
6b6f046c-5d4f-4175-8907-0946e7aaba86,C[C@H](CCC(=O)[Pb])N.C1CC(=N[C@@H]1CO)[Pb],/user/mahaohui/IMG2SMILES/collect_NCBI/example_pictures/d940d013698b98274d4e/segments/page_2_bnw_3.png,d940d013698b98274d4e
aaa8802b-e97b-4410-883a-4943bd379024,COC1=CC=CC2=C1CCCC2=O,/user/mahaohui/IMG2SMILES/collect_NCBI/example_pictures/cd8e2935d0a59f6a7689/segments/page_3_bnw_0.png,cd8e2935d0a59f6a7689
de55079e-8eae-4656-9776-696fc009961e,CCCC(=O)C1=CC=CC=C1,/user/mahaohui/IMG2SMILES/collect_NCBI/example_pictures/cd8e2935d0a59f6a7689/segments/page_3_bnw_3.png,cd8e2935d0a59f6a7689
bccc9ad1-6b02-4f22-afbd-fea59797a501,CCC[C@@H](C1=CC=CC=C1)N,/user/mahaohui/IMG2SMILES/collect_NCBI/example_pictures/cd8e2935d0a59f6a7689/segments/page_3_bnw_8.png,cd8e2935d0a59f6a7689
850f0266-3981-4f75-9425-6be2024aa039,C1CC2=CC=CC=C2[C@H]1N,/user/mahaohui/IMG2SMILES/collect_NCBI/example_pictures/cd8e2935d0a59f6a7689/segments/page_3_bnw_7.png,cd8e2935d0a59f6a7689
50f2276e-a139-4833-9c82-a7e474c9ddb6,CC1=[NH+]C=C(C(=C1[O-])C=NS(=O)(=O)C)COP(=O)(C)C,/user/mahaohui/IMG2SMILES/collect_NCBI/example_pictures/cd8e2935d0a59f6a7689/segments/page_2_bnw_0.png,cd8e2935d0a59f6a7689
0220adba-0f52-4589-8cc6-15f36ac34d7a,COC1=CC2=C(CCCC2=O)C=C1,/user/mahaohui/IMG2SMILES/collect_NCBI/example_pictures/cd8e2935d0a59f6a7689/segments/page_3_bnw_10.png,cd8e2935d0a59f6a7689
38ec8d96-131b-45cd-ac7b-1957b3df9f3a,C1CC2=CC=CC=C2C(=O)C1,/user/mahaohui/IMG2SMILES/collect_NCBI/example_pictures/cd8e2935d0a59f6a7689/segments/page_3_bnw_2.png,cd8e2935d0a59f6a7689
9aae06ce-b155-40d8-a427-1ef5f1e72f52,C[C@H](C1=CC=CC=C1)N.II,/user/mahaohui/IMG2SMILES/collect_NCBI/example_pictures/cd8e2935d0a59f6a7689/segments/page_2_bnw_4.png,cd8e2935d0a59f6a7689
14a4e2b0-041b-497e-bfc8-e3b6f816229c,C1CCC(=C=C2CCCCCCCC3=C=C=C(CCCCCCCC2)C=C=CCCCCCCCC3)C1,/user/mahaohui/IMG2SMILES/collect_NCBI/example_pictures/cd8e2935d0a59f6a7689/segments/page_3_bnw_11.png,cd8e2935d0a59f6a7689
c6f31e92-cf36-4c40-9946-d726545112bd,COC1=CC2=C(C=C1)[C@H](CCC2)N,/user/mahaohui/IMG2SMILES/collect_NCBI/example_pictures/cd8e2935d0a59f6a7689/segments/page_3_bnw_5.png,cd8e2935d0a59f6a7689
8dc05183-0394-46aa-93d5-47e245af1525,C1C[C@@H](C2=CC=CC=C2C1)N,/user/mahaohui/IMG2SMILES/collect_NCBI/example_pictures/cd8e2935d0a59f6a7689/segments/page_3_bnw_6.png,cd8e2935d0a59f6a7689
bb972bc8-37d1-42c9-ab44-5e98ec71515e,COC1=CC2=C(CCC[C@@H]2N)C=C1,/user/mahaohui/IMG2SMILES/collect_NCBI/example_pictures/cd8e2935d0a59f6a7689/segments/page_3_bnw_9.png,cd8e2935d0a59f6a7689
1c83be83-d091-4a10-858b-1d0e32c213e0,COC1=CC2=C(C=C1)C(=O)CCC2,/user/mahaohui/IMG2SMILES/collect_NCBI/example_pictures/cd8e2935d0a59f6a7689/segments/page_3_bnw_1.png,cd8e2935d0a59f6a7689
22501aeb-4f02-4ef1-b15a-49e15cdc58c6,CC1=[NH+]C=C(C(=C1O)CN)COP(=O)(C)C,/user/mahaohui/IMG2SMILES/collect_NCBI/example_pictures/cd8e2935d0a59f6a7689/segments/page_2_bnw_5.png,cd8e2935d0a59f6a7689
655de894-c2a7-4eb1-b8bd-96cf6844a1f9,CC1=[NH+]C=C(C(=C1[O-])C[NH+]=C(C)C)CO[Pt](=O)=O,/user/mahaohui/IMG2SMILES/collect_NCBI/example_pictures/cd8e2935d0a59f6a7689/segments/page_2_bnw_1.png,cd8e2935d0a59f6a7689
77497214-40b3-48ed-971f-bde4fdd3a52b,CC1=[NH+]C=C(C(=C1[O-])C=[NH+]C(C)C2=CC=CC=C2)C[O-].CS(=O)(=O)N.O=[Pt],/user/mahaohui/IMG2SMILES/collect_NCBI/example_pictures/cd8e2935d0a59f6a7689/segments/page_2_bnw_3.png,cd8e2935d0a59f6a7689
e61d7e15-62b1-4eda-a17d-015bcb107922,COC1=CC=CC2=C1CCC[C@@H]2N,/user/mahaohui/IMG2SMILES/collect_NCBI/example_pictures/cd8e2935d0a59f6a7689/segments/page_3_bnw_4.png,cd8e2935d0a59f6a7689
